DATE;CLOSING;RETURN;;
03-01-2000;6862,03;7363,06;;
04-01-2000;6593,67;7075,1;;
05-01-2000;6552,18;7030,84;;
06-01-2000;6346,16;6809,77;;
07-01-2000;6567,76;7047,56;;
10-01-2000;6680,74;7168,79;;
11-01-2000;6513,41;6989,45;;
12-01-2000;6518,79;6995,23;;
13-01-2000;6588,89;7070,45;;
14-01-2000;6657,58;7144,15;;
18-01-2000;6592,78;7074,61;;
19-01-2000;6530,71;7008,11;;
20-01-2000;6486,42;6960,58;;
21-01-2000;6494,86;6969,82;;
24-01-2000;6411,36;6880,27;;
25-01-2000;6439,16;6910,11;;
26-01-2000;6499,64;6975,23;;
27-01-2000;6523,58;7000,93;;
28-01-2000;6378,38;6845,1;;
31-01-2000;6410,37;6879,43;;
01-02-2000;6457,88;6930,42;;
02-02-2000;6505,05;6981,28;;
03-02-2000;6710,43;7201,71;;
04-02-2000;6721,94;7214,05;;
07-02-2000;6676,41;7165,2;;
08-02-2000;6873,94;7377,18;;
09-02-2000;6821,42;7320,82;;
10-02-2000;6872,32;7375,44;;
11-02-2000;6725,65;7218,04;;
14-02-2000;6723,5;7215,73;;
15-02-2000;6698,92;7189,35;;
16-02-2000;6655,42;7142,67;;
17-02-2000;6747,77;7241,78;;
18-02-2000;6593,09;7075,78;;
22-02-2000;6691,94;7181,92;;
23-02-2000;6778,86;7276,43;;
24-02-2000;6721,61;7214,98;;
25-02-2000;6735,19;7229,57;;
28-02-2000;6699,9;7191,79;;
29-02-2000;6742,53;7237,55;;
01-03-2000;6841,36;7346,17;;
02-03-2000;6956,71;7470,03;;
03-03-2000;7057,46;7578,22;;
06-03-2000;7010,44;7527,73;;
07-03-2000;6920,56;7431,32;;
08-03-2000;6966,89;7483,73;;
09-03-2000;7068,08;7592,42;;
10-03-2000;7070,13;7594,63;;
13-03-2000;6864,44;7373,94;;
14-03-2000;6767,38;7269,8;;
15-03-2000;6759,16;7263,53;;
16-03-2000;6966,29;7486,12;;
17-03-2000;6859,82;7371,71;;
20-03-2000;6926,77;7443,66;;
21-03-2000;7041,34;7567,27;;
22-03-2000;6999,48;7522,28;;
23-03-2000;7060,71;7588,44;;
24-03-2000;7099,55;7630,41;;
27-03-2000;7131,52;7664,77;;
28-03-2000;7149,13;7685,25;;
29-03-2000;7072,09;7602,43;;
30-03-2000;6884,99;7401,29;;
31-03-2000;7025,82;7552,68;;
03-04-2000;6833,79;7346,5;;
04-04-2000;6756,29;7263,19;;
05-04-2000;6740,38;7246,66;;
06-04-2000;6857,71;7372,8;;
07-04-2000;6938,92;7460,11;;
10-04-2000;6814,87;7326,74;;
11-04-2000;6815,04;7326,92;;
12-04-2000;6654,68;7158,16;;
13-04-2000;6668,44;7172,97;;
14-04-2000;6284,31;6760,06;;
17-04-2000;6446,34;6934,35;;
18-04-2000;6602,11;7102,04;;
19-04-2000;6495,33;6987,34;;
20-04-2000;6492,28;6988,35;;
24-04-2000;6415,07;6905,53;;
25-04-2000;6643,59;7151,72;;
26-04-2000;6559,15;7061,11;;
27-04-2000;6550,88;7052,73;;
28-04-2000;6591,69;7097,1;;
01-05-2000;6690,06;7204,15;;
02-05-2000;6600,65;7108,25;;
03-05-2000;6433,04;6927,97;;
04-05-2000;6436,94;6932,57;;
05-05-2000;6533,56;7037,43;;
08-05-2000;6437,42;6934,78;;
09-05-2000;6326,64;6816,26;;
10-05-2000;6182,03;6662,51;;
11-05-2000;6180,97;6661,49;;
12-05-2000;6246,03;6731,61;;
15-05-2000;6254,19;6740,4;;
16-05-2000;6297,94;6788,29;;
17-05-2000;6127,69;6605,7;;
18-05-2000;6080,04;6554,39;;
19-05-2000;5922,26;6384,29;;
22-05-2000;5864,17;6321,67;;
23-05-2000;5826,41;6283,87;;
24-05-2000;5864,1;6326,2;;
25-05-2000;5897,33;6362,05;;
26-05-2000;5986,12;6457,92;;
30-05-2000;6277,22;6772,07;;
31-05-2000;6232,63;6724,82;;
01-06-2000;6382,88;6893,5;;
02-06-2000;6598,47;7126,34;;
05-06-2000;6560,22;7085,09;;
06-06-2000;6518,68;7040,7;;
07-06-2000;6578,21;7104,99;;
08-06-2000;6508,22;7029,4;;
09-06-2000;6530,47;7053,43;;
12-06-2000;6545,14;7071,65;;
13-06-2000;6605,85;7138,44;;
14-06-2000;6588,42;7121,25;;
15-06-2000;6545,39;7074,74;;
16-06-2000;6564,98;7095,91;;
19-06-2000;6634,54;7171,1;;
20-06-2000;6604,8;7140,31;;
21-06-2000;6604,9;7140,42;;
22-06-2000;6476,43;7001,54;;
23-06-2000;6423,62;6944,51;;
26-06-2000;6463,47;6987,78;;
27-06-2000;6485,37;7011,88;;
28-06-2000;6497,27;7025,17;;
29-06-2000;6403,64;6923,94;;
30-06-2000;6460,29;6985,19;;
03-07-2000;6564,2;7097,54;;
05-07-2000;6444,14;6967,93;;
06-07-2000;6552,32;7084,91;;
07-07-2000;6607,5;7144,57;;
10-07-2000;6635,77;7175,44;;
11-07-2000;6627,46;7166,46;;
12-07-2000;6630,13;7169,35;;
13-07-2000;6588,42;7124,24;;
14-07-2000;6611,37;7149,06;;
17-07-2000;6618,5;7156,92;;
18-07-2000;6483,72;7011,16;;
19-07-2000;6437,97;6963,26;;
20-07-2000;6497,13;7027,25;;
21-07-2000;6418,31;6942,18;;
24-07-2000;6342,81;6860,51;;
25-07-2000;6395,6;6917,62;;
26-07-2000;6368,44;6888,24;;
27-07-2000;6214,82;6724,29;;
28-07-2000;6097,49;6597,34;;
31-07-2000;6196,25;6704,19;;
01-08-2000;6161,66;6667,03;;
02-08-2000;6150,48;6655,44;;
03-08-2000;6105,5;6606,76;;
04-08-2000;6123,43;6627,74;;
07-08-2000;6191,14;6701,04;;
08-08-2000;6138,26;6643,8;;
09-08-2000;6163,5;6672,38;;
10-08-2000;6199,7;6711,56;;
11-08-2000;6213,93;6726,97;;
14-08-2000;6278,74;6797,7;;
15-08-2000;6297,04;6817,51;;
16-08-2000;6304,67;6830,14;;
17-08-2000;6320,96;6847,83;;
18-08-2000;6267,14;6789,53;;
21-08-2000;6220,62;6739,15;;
22-08-2000;6208,29;6725,79;;
23-08-2000;6217,96;6736,31;;
24-08-2000;6250,14;6771,78;;
25-08-2000;6275,39;6799,14;;
28-08-2000;6302,18;6828,17;;
29-08-2000;6294,14;6819,45;;
30-08-2000;6222,29;6741,7;;
31-08-2000;6261,07;6784,58;;
01-09-2000;6416,04;6952,51;;
05-09-2000;6327,39;6856,52;;
06-09-2000;6208,39;6728,19;;
07-09-2000;6236,53;6758,68;;
08-09-2000;6090,72;6600,66;;
11-09-2000;6027,8;6532,47;;
12-09-2000;5999,23;6501,65;;
13-09-2000;5989,39;6491,39;;
14-09-2000;6014,74;6518,85;;
15-09-2000;5946,31;6444,69;;
18-09-2000;5850,54;6340,9;;
19-09-2000;5932,3;6430,53;;
20-09-2000;5807,85;6295,63;;
21-09-2000;5761,05;6244,91;;
22-09-2000;5842,63;6333,34;;
25-09-2000;5800,33;6287,54;;
26-09-2000;5761,4;6246,92;;
27-09-2000;5780,95;6268,11;;
28-09-2000;5847,35;6340,1;;
29-09-2000;5754,84;6239,8;;
02-10-2000;5802,48;6291,46;;
03-10-2000;5793,76;6282;;
04-10-2000;5859,51;6353,48;;
05-10-2000;5860,83;6354,91;;
06-10-2000;5753,78;6238,83;;
09-10-2000;5724,42;6206,99;;
10-10-2000;5675,34;6153,78;;
11-10-2000;5571,98;6042,55;;
12-10-2000;5487,91;5951,37;;
13-10-2000;5639,87;6116,17;;
16-10-2000;5578,91;6050,06;;
17-10-2000;5484,58;5947,76;;
18-10-2000;5401,02;5857,5;;
19-10-2000;5613,95;6088,43;;
20-10-2000;5638,66;6115,23;;
23-10-2000;5630,34;6106,36;;
24-10-2000;5697,26;6179,27;;
25-10-2000;5497,52;5962,63;;
26-10-2000;5557,36;6027,79;;
27-10-2000;5606,31;6080,9;;
30-10-2000;5595,9;6069,6;;
31-10-2000;5698,25;6180,61;;
01-11-2000;5668,57;6148,54;;
02-11-2000;5641,36;6119,03;;
03-11-2000;5684,35;6165,66;;
06-11-2000;5675,85;6156,84;;
07-11-2000;5678,88;6160,13;;
08-11-2000;5631,83;6109,7;;
09-11-2000;5592,62;6067,17;;
10-11-2000;5482,69;5947,91;;
13-11-2000;5436,32;5897,61;;
14-11-2000;5606,07;6088,77;;
15-11-2000;5555,47;6034,07;;
16-11-2000;5451,7;5921,46;;
17-11-2000;5447,87;5918,85;;
20-11-2000;5318,41;5778,96;;
21-11-2000;5373,47;5839,02;;
22-11-2000;5214,19;5665,95;;
24-11-2000;5358,76;5823,04;;
27-11-2000;5420,42;5890,04;;
28-11-2000;5318,92;5779,81;;
29-11-2000;5311,2;5771,52;;
30-11-2000;5272,57;5729,63;;
01-12-2000;5343,95;5807,58;;
04-12-2000;5394,15;5862,13;;
05-12-2000;5564,15;6047,07;;
06-12-2000;5470,15;5944,91;;
07-12-2000;5464,45;5938,72;;
08-12-2000;5517,19;5996,03;;
11-12-2000;5579,16;6063,38;;
12-12-2000;5534,46;6014,96;;
13-12-2000;5489,84;5966,8;;
14-12-2000;5446,59;5919,79;;
15-12-2000;5393,17;5861,73;;
18-12-2000;5375,72;5842,76;;
19-12-2000;5353,14;5818,31;;
20-12-2000;5188,93;5639,83;;
21-12-2000;5212,04;5665,46;;
22-12-2000;5293,28;5753,94;;
26-12-2000;5311,56;5773,82;;
27-12-2000;5365,45;5835,65;;
28-12-2000;5369,43;5839,97;;
29-12-2000;5380,51;5852,03;;
02-01-2001;5331,08;5798,25;;
03-01-2001;5520,62;6004,41;;
04-01-2001;5448,52;5925,99;;
05-01-2001;5428,25;5904,15;;
08-01-2001;5445,78;5923,44;;
09-01-2001;5350,87;5820,21;;
10-01-2001;5330;5797,51;;
11-01-2001;5448,32;5926,21;;
12-01-2001;5444,17;5921,69;;
16-01-2001;5420,07;5895,48;;
17-01-2001;5462,59;5941,73;;
18-01-2001;5567,94;6056,31;;
19-01-2001;5532,54;6017,81;;
22-01-2001;5507,32;5990,55;;
23-01-2001;5549,66;6036,6;;
24-01-2001;5504,85;5987,86;;
25-01-2001;5485,67;5966,99;;
26-01-2001;5495,3;5977,76;;
29-01-2001;5490,53;5972,63;;
30-01-2001;5509,75;5993,54;;
31-01-2001;5517,03;6001,58;;
01-02-2001;5532,59;6018,51;;
02-02-2001;5434,44;5911,74;;
05-02-2001;5467,09;5947,26;;
06-02-2001;5420,82;5896,92;;
07-02-2001;5347,31;5816,96;;
08-02-2001;5279,61;5757,76;;
09-02-2001;5245,52;5720,58;;
12-02-2001;5327,17;5809,63;;
13-02-2001;5225,36;5698,59;;
14-02-2001;5205,42;5677,08;;
15-02-2001;5182,81;5652,42;;
16-02-2001;5054,81;5512,87;;
20-02-2001;4973,78;5424,49;;
21-02-2001;4909,46;5356,91;;
22-02-2001;4920,71;5369,23;;
23-02-2001;4894,09;5340,18;;
26-02-2001;4943,17;5393,74;;
27-02-2001;4890,02;5335,74;;
28-02-2001;4897,96;5344,41;;
01-03-2001;4902;5348,81;;
02-03-2001;4887,86;5333,38;;
05-03-2001;4942,77;5393,3;;
06-03-2001;5025,55;5483,63;;
07-03-2001;5008,76;5466,4;;
08-03-2001;5007,37;5464,95;;
09-03-2001;4925,62;5375,74;;
12-03-2001;4760,91;5195,98;;
13-03-2001;4762,11;5197,75;;
14-03-2001;4595,56;5020,18;;
15-03-2001;4685,72;5118,67;;
16-03-2001;4588,37;5012,32;;
19-03-2001;4651,49;5081,76;;
20-03-2001;4601,67;5027,33;;
21-03-2001;4562,19;4984,89;;
22-03-2001;4445,46;4860,13;;
23-03-2001;4535,48;4958,6;;
26-03-2001;4662,96;5098,1;;
27-03-2001;4785,82;5233,48;;
28-03-2001;4608,44;5040,37;;
29-03-2001;4572,79;5001,38;;
30-03-2001;4595,04;5026,18;;
02-04-2001;4520,75;4944,93;;
03-04-2001;4429,48;4845,09;;
04-04-2001;4503,78;4926,36;;
05-04-2001;4676,98;5116,15;;
06-04-2001;4603,31;5035,57;;
09-04-2001;4678,33;5118,19;;
10-04-2001;4778,34;5227,61;;
11-04-2001;4768,51;5216,85;;
12-04-2001;4831,45;5288,47;;
16-04-2001;4780,93;5234,18;;
17-04-2001;4755,21;5206,02;;
18-04-2001;4972,05;5445,14;;
19-04-2001;4959,17;5431,04;;
20-04-2001;4913,67;5381,37;;
23-04-2001;4834,32;5294,48;;
24-04-2001;4844,09;5305,35;;
25-04-2001;4904,06;5371,94;;
26-04-2001;4897,44;5364,69;;
27-04-2001;4961,08;5434,4;;
30-04-2001;4988,54;5466,15;;
01-05-2001;5036,9;5519,72;;
02-05-2001;5011,77;5493,34;;
03-05-2001;4909,04;5381,29;;
04-05-2001;4969,32;5447,78;;
07-05-2001;4957,77;5435,69;;
08-05-2001;4938,66;5414,73;;
09-05-2001;4902,31;5375,56;;
10-05-2001;4936,56;5414,01;;
11-05-2001;4891,17;5364,28;;
14-05-2001;4830,6;5299;;
15-05-2001;4866,66;5338,6;;
16-05-2001;4931,65;5410,12;;
17-05-2001;4959,74;5440,93;;
18-05-2001;4964,78;5448,73;;
21-05-2001;5010,07;5499,08;;
22-05-2001;4956,33;5440,16;;
23-05-2001;4888,29;5365,9;;
24-05-2001;4900,2;5382,82;;
25-05-2001;4871,31;5351,08;;
29-05-2001;4830,07;5306,27;;
30-05-2001;4728,25;5194,42;;
31-05-2001;4742,63;5210,21;;
01-06-2001;4726,74;5192,76;;
04-06-2001;4754,65;5223,94;;
05-06-2001;4818,76;5294,76;;
06-06-2001;4724,94;5191,73;;
07-06-2001;4777,2;5249,15;;
08-06-2001;4744,92;5213,68;;
11-06-2001;4697,46;5161,88;;
12-06-2001;4645,15;5106,28;;
13-06-2001;4648,76;5111,33;;
14-06-2001;4608,6;5067,18;;
15-06-2001;4593,52;5050,6;;
18-06-2001;4512,28;4963,88;;
19-06-2001;4514,21;4966,08;;
20-06-2001;4514,18;4966,05;;
21-06-2001;4549,5;5004,91;;
22-06-2001;4535,42;4989,42;;
25-06-2001;4548,48;5003,84;;
26-06-2001;4493,32;4943,36;;
27-06-2001;4457,46;4904,3;;
28-06-2001;4471,63;4919,89;;
29-06-2001;4534,56;4989,13;;
02-07-2001;4573,83;5032,33;;
03-07-2001;4533,58;4988,05;;
05-07-2001;4434,62;4879,4;;
06-07-2001;4356,54;4793,69;;
09-07-2001;4371,58;4810,87;;
10-07-2001;4338,12;4774,04;;
11-07-2001;4311,25;4744,47;;
12-07-2001;4391,15;4832,4;;
13-07-2001;4376,88;4816,69;;
16-07-2001;4333,38;4768,82;;
17-07-2001;4351,37;4788,62;;
18-07-2001;4292,96;4724,48;;
19-07-2001;4351,56;4788,97;;
20-07-2001;4344,28;4780,96;;
23-07-2001;4303,8;4736,61;;
24-07-2001;4257,09;4685,2;;
25-07-2001;4299,52;4731,9;;
26-07-2001;4328,3;4763,58;;
27-07-2001;4369,88;4809,34;;
30-07-2001;4384,82;4826,09;;
31-07-2001;4427,64;4873,21;;
01-08-2001;4475,85;4927,54;;
02-08-2001;4501,16;4955,41;;
03-08-2001;4454,29;4905,21;;
06-08-2001;4418,41;4865,69;;
07-08-2001;4415,3;4862,26;;
08-08-2001;4327,56;4765,95;;
09-08-2001;4321,04;4758,78;;
10-08-2001;4327,09;4765,48;;
13-08-2001;4338,96;4779,08;;
14-08-2001;4382,73;4827,29;;
15-08-2001;4400,44;4848,85;;
16-08-2001;4349,66;4792,9;;
17-08-2001;4243,5;4675,98;;
20-08-2001;4261,38;4695,68;;
21-08-2001;4248,26;4681,23;;
22-08-2001;4296,65;4738,17;;
23-08-2001;4266,61;4705,21;;
24-08-2001;4345,63;4792,34;;
27-08-2001;4338,48;4784,46;;
28-08-2001;4275,35;4715,71;;
29-08-2001;4259,76;4698,52;;
30-08-2001;4210,59;4644,28;;
31-08-2001;4218,75;4653,43;;
04-09-2001;4127,49;4552,79;;
05-09-2001;4081,73;4502,6;;
06-09-2001;3987,36;4398,96;;
07-09-2001;3937,74;4344,21;;
10-09-2001;3912,65;4316,53;;
17-09-2001;3763,09;4152,33;;
18-09-2001;3741,63;4128,86;;
19-09-2001;3709,82;4094,91;;
20-09-2001;3566,76;3937;;
21-09-2001;3486,75;3848,68;;
24-09-2001;3633,08;4010,21;;
25-09-2001;3660,07;4040,76;;
26-09-2001;3664,63;4046,07;;
27-09-2001;3760,25;4151,65;;
28-09-2001;3824,97;4223,11;;
01-10-2001;3793,3;4188,15;;
02-10-2001;3829,51;4228,13;;
03-10-2001;3896,11;4301,65;;
04-10-2001;3914,35;4322,08;;
05-10-2001;3957,03;4369,2;;
08-10-2001;3923,74;4332,44;;
09-10-2001;3890,96;4296,25;;
10-10-2001;4023,08;4442,13;;
11-10-2001;4026,1;4445,47;;
12-10-2001;4002,46;4419,37;;
15-10-2001;3953,38;4365,18;;
16-10-2001;4005,97;4423,25;;
17-10-2001;4002,38;4419,27;;
18-10-2001;3950,39;4361,88;;
19-10-2001;3929,22;4338,5;;
22-10-2001;3955,58;4367,83;;
23-10-2001;3985,44;4400,8;;
24-10-2001;4032,86;4453,27;;
25-10-2001;4025,77;4445,44;;
26-10-2001;4041,41;4463,07;;
29-10-2001;3953,96;4366,5;;
30-10-2001;3893,31;4299,52;;
31-10-2001;3934,55;4346,35;;
01-11-2001;4021,21;4442,08;;
02-11-2001;4000,3;4418,98;;
05-11-2001;4086,78;4514,95;;
06-11-2001;4113,34;4544,3;;
07-11-2001;4107,03;4537,64;;
08-11-2001;4128,39;4561,24;;
09-11-2001;4109,15;4539,98;;
12-11-2001;4070,65;4497,45;;
13-11-2001;4127,25;4560,39;;
14-11-2001;4091,14;4521,02;;
15-11-2001;4097,06;4527,61;;
16-11-2001;4151,61;4587,96;;
19-11-2001;4183,8;4624,32;;
20-11-2001;4110,64;4543,45;;
21-11-2001;4126,23;4560,76;;
23-11-2001;4141,96;4578,54;;
26-11-2001;4186,42;4627,69;;
27-11-2001;4116,64;4550,55;;
28-11-2001;4023,42;4447,7;;
29-11-2001;4079,73;4509,95;;
30-11-2001;4087,49;4518,53;;
03-12-2001;4071,17;4500,48;;
04-12-2001;4141,63;4578,38;;
05-12-2001;4257,77;4706,76;;
06-12-2001;4257,71;4706,69;;
07-12-2001;4204,17;4647,51;;
10-12-2001;4113,48;4547,26;;
11-12-2001;4128,91;4564,32;;
12-12-2001;4142,7;4579,56;;
13-12-2001;4017,77;4441,46;;
14-12-2001;4072,72;4502,2;;
17-12-2001;4137,75;4574,25;;
18-12-2001;4138,21;4574,84;;
19-12-2001;4094,47;4526,49;;
20-12-2001;4035,75;4461,57;;
21-12-2001;4082,34;4513,08;;
24-12-2001;4062,92;4491,61;;
26-12-2001;4096,41;4528,83;;
27-12-2001;4125,47;4561,48;;
28-12-2001;4176,55;4617,95;;
31-12-2001;4174,18;4615,33;;
02-01-2002;4203,62;4647,88;;
03-01-2002;4262,45;4712,93;;
04-01-2002;4268,55;4719,68;;
07-01-2002;4201,14;4645,47;;
08-01-2002;4151,24;4590,52;;
09-01-2002;4111,12;4546,16;;
10-01-2002;4102,25;4536,35;;
11-01-2002;4097,36;4530,94;;
14-01-2002;4021,19;4446,71;;
15-01-2002;4047,81;4477,19;;
16-01-2002;3961,09;4381,27;;
17-01-2002;4043,39;4472,3;;
18-01-2002;4017,24;4443,38;;
22-01-2002;3971,02;4392,25;;
23-01-2002;4040,39;4468,98;;
24-01-2002;4059,32;4489,92;;
25-01-2002;4018,28;4444,53;;
28-01-2002;4028,93;4456,73;;
29-01-2002;3936,78;4354,81;;
30-01-2002;3963,93;4385,64;;
31-01-2002;3985,94;4409,99;;
01-02-2002;3968,81;4391,04;;
04-02-2002;3903,97;4319,3;;
05-02-2002;3847,62;4256,96;;
06-02-2002;3830,63;4238,44;;
07-02-2002;3849,86;4259,72;;
08-02-2002;3906,31;4322,18;;
11-02-2002;3971,24;4394,01;;
12-02-2002;3942,41;4362,12;;
13-02-2002;3975,23;4398,49;;
14-02-2002;3990,04;4414,87;;
15-02-2002;3956,19;4377,42;;
19-02-2002;3860,44;4271,53;;
20-02-2002;3871,69;4289,22;;
21-02-2002;3846,65;4261,48;;
22-02-2002;3879,37;4297,72;;
25-02-2002;3923,94;4347,1;;
26-02-2002;3900,39;4321,01;;
27-02-2002;3940,49;4369,98;;
28-02-2002;3950,42;4381;;
01-03-2002;4031,82;4471,27;;
04-03-2002;4138,8;4589,91;;
05-03-2002;4097,57;4544,19;;
06-03-2002;4178,55;4635,17;;
07-03-2002;4199,69;4658,79;;
08-03-2002;4198,82;4657,82;;
11-03-2002;4199,17;4658,21;;
12-03-2002;4144,04;4597,21;;
13-03-2002;4114,81;4565,42;;
14-03-2002;4157,7;4613;;
15-03-2002;4196,32;4656,02;;
18-03-2002;4201,11;4661,33;;
19-03-2002;4214,29;4676,31;;
20-03-2002;4156,01;4616,69;;
21-03-2002;4173,54;4638,26;;
22-03-2002;4129,65;4591,03;;
25-03-2002;4075,38;4530,69;;
26-03-2002;4090,87;4549,7;;
27-03-2002;4119,14;4581,15;;
28-03-2002;4132,99;4596,55;;
01-04-2002;4155,06;4621,09;;
02-04-2002;4128,04;4591,6;;
03-04-2002;4112,18;4573,96;;
04-04-2002;4086,27;4545,13;;
05-04-2002;4087,06;4546,52;;
08-04-2002;4046,38;4502,4;;
09-04-2002;4020,57;4473,68;;
10-04-2002;4068,2;4527,07;;
11-04-2002;3980,33;4429,28;;
12-04-2002;3985,87;4435,45;;
15-04-2002;4039,72;4496,39;;
16-04-2002;4144,69;4614,23;;
17-04-2002;4156,77;4630,09;;
18-04-2002;4132,78;4603,59;;
19-04-2002;4139,53;4611,1;;
22-04-2002;4100,48;4567,86;;
23-04-2002;4086,43;4552,21;;
24-04-2002;4077,24;4542,85;;
25-04-2002;4088,1;4555,31;;
26-04-2002;4058,04;4523,55;;
29-04-2002;4042,7;4506,45;;
30-04-2002;4074,92;4542,6;;
01-05-2002;4099,53;4572,55;;
02-05-2002;4056,2;4524,28;;
03-05-2002;4055,2;4523,35;;
06-05-2002;4011,06;4474,67;;
07-05-2002;3990,3;4451,51;;
08-05-2002;4095,6;4569,28;;
09-05-2002;4048,48;4517,96;;
10-05-2002;4007,51;4473,26;;
13-05-2002;4074,6;4548,22;;
14-05-2002;4107,56;4585,5;;
15-05-2002;4125,35;4612,06;;
16-05-2002;4145,13;4634,16;;
17-05-2002;4167,52;4659,2;;
20-05-2002;4131,78;4621,3;;
21-05-2002;4101,62;4587,62;;
22-05-2002;4119,35;4607,45;;
23-05-2002;4109,38;4599,68;;
24-05-2002;4081,26;4568,21;;
28-05-2002;4077,8;4564,34;;
29-05-2002;4080,01;4566,81;;
30-05-2002;4039,99;4522,66;;
31-05-2002;4040,43;4523,52;;
03-06-2002;3998,29;4476,33;;
04-06-2002;3956,01;4429,34;;
05-06-2002;3950,63;4424,45;;
06-06-2002;3888,73;4355,12;;
07-06-2002;3882,48;4348,12;;
10-06-2002;3862,61;4326,62;;
11-06-2002;3864,71;4329,82;;
12-06-2002;3838,9;4301,1;;
13-06-2002;3769,84;4223,73;;
14-06-2002;3722,15;4170,3;;
17-06-2002;3831,14;4292,6;;
18-06-2002;3815,18;4274,88;;
19-06-2002;3725,85;4175,9;;
20-06-2002;3696,26;4142,74;;
21-06-2002;3690,56;4136,35;;
24-06-2002;3673,3;4119,41;;
25-06-2002;3685,97;4133,62;;
26-06-2002;3699,88;4150,02;;
27-06-2002;3775,22;4234,53;;
28-06-2002;3856,05;4325,2;;
01-07-2002;3818,9;4283,52;;
02-07-2002;3712,27;4163,92;;
03-07-2002;3703,81;4154,43;;
05-07-2002;3870,17;4341,44;;
08-07-2002;3864,88;4335,51;;
09-07-2002;3819,8;4284,94;;
10-07-2002;3685,76;4134,58;;
11-07-2002;3682,09;4130,46;;
12-07-2002;3623,8;4065,08;;
15-07-2002;3543,74;3975,26;;
16-07-2002;3503,76;3930,42;;
17-07-2002;3597,02;4035,04;;
18-07-2002;3609,17;4048,67;;
19-07-2002;3431,64;3849,52;;
22-07-2002;3316,68;3720,78;;
23-07-2002;3202,36;3592,53;;
24-07-2002;3357,53;3766,79;;
25-07-2002;3305,93;3708,89;;
26-07-2002;3317,15;3721,49;;
29-07-2002;3488,54;3914,31;;
30-07-2002;3487,39;3913,02;;
31-07-2002;3466,69;3891,55;;
01-08-2002;3331,8;3740,13;;
02-08-2002;3325,51;3733,06;;
05-08-2002;3196,34;3588,07;;
06-08-2002;3319,84;3726,76;;
07-08-2002;3366,96;3780,04;;
08-08-2002;3473,47;3899,62;;
09-08-2002;3489,08;3917,14;;
12-08-2002;3447,91;3871,37;;
13-08-2002;3420,49;3840,64;;
14-08-2002;3478,25;3912,97;;
15-08-2002;3507,65;3946,04;;
16-08-2002;3515,37;3954,73;;
19-08-2002;3600,05;4050,05;;
20-08-2002;3522,09;3962,36;;
21-08-2002;3592,71;4045,42;;
22-08-2002;3607,98;4062,62;;
23-08-2002;3532,75;3977,9;;
26-08-2002;3568,78;4018,47;;
27-08-2002;3576;4027,67;;
28-08-2002;3466,97;3904,88;;
29-08-2002;3460,69;3897,8;;
30-08-2002;3460,99;3898,14;;
03-09-2002;3283,45;3698,19;;
04-09-2002;3328,83;3749,31;;
05-09-2002;3274,8;3688,73;;
06-09-2002;3348,2;3771,41;;
09-09-2002;3354,12;3778,08;;
10-09-2002;3378,33;3805,34;;
11-09-2002;3412,9;3845,01;;
12-09-2002;3324,77;3745,71;;
13-09-2002;3290;3706,54;;
16-09-2002;3273,94;3688,52;;
17-09-2002;3214,89;3622,62;;
18-09-2002;3204,2;3611,71;;
19-09-2002;3102,16;3496,7;;
20-09-2002;3118;3514,55;;
23-09-2002;3033,78;3419,62;;
24-09-2002;2986,56;3366,39;;
25-09-2002;3064,64;3456,13;;
26-09-2002;3149,43;3551,76;;
27-09-2002;3097,62;3493,49;;
30-09-2002;3048,32;3437,89;;
01-10-2002;3171,51;3576,82;;
02-10-2002;3129,9;3529,88;;
03-10-2002;3117,29;3515,67;;
04-10-2002;3051,65;3441,64;;
07-10-2002;2984,41;3366,19;;
08-10-2002;3001,14;3385,05;;
09-10-2002;2936,76;3312,44;;
10-10-2002;3046,47;3436,18;;
11-10-2002;3155,17;3558,79;;
14-10-2002;3147,71;3550,37;;
15-10-2002;3307,13;3730,18;;
16-10-2002;3229,21;3642,3;;
17-10-2002;3321,78;3746,71;;
18-10-2002;3300,43;3722,63;;
21-10-2002;3350,76;3779,64;;
22-10-2002;3261,46;3678,9;;
23-10-2002;3249,27;3665,29;;
24-10-2002;3223,86;3636,62;;
25-10-2002;3287,31;3708,19;;
28-10-2002;3287,19;3708,06;;
29-10-2002;3201,61;3611,99;;
30-10-2002;3264,81;3684,73;;
31-10-2002;3273,81;3694,88;;
01-11-2002;3320,56;3747,65;;
04-11-2002;3372,02;3806,26;;
05-11-2002;3415,07;3854,86;;
06-11-2002;3413,67;3854,05;;
07-11-2002;3324,82;3753,74;;
08-11-2002;3323,05;3751,75;;
11-11-2002;3253,59;3673,32;;
12-11-2002;3310,78;3738,25;;
13-11-2002;3272,8;3697,78;;
14-11-2002;3361,11;3797,57;;
15-11-2002;3395,9;3836,87;;
18-11-2002;3364,05;3800,95;;
19-11-2002;3356,34;3793,2;;
20-11-2002;3402,03;3846,16;;
21-11-2002;3478,39;3932,49;;
22-11-2002;3453,35;3904,66;;
25-11-2002;3440,44;3890,05;;
26-11-2002;3339,34;3775,75;;
27-11-2002;3441,89;3891,7;;
29-11-2002;3453,11;3904,38;;
02-12-2002;3467,02;3920,11;;
03-12-2002;3411,28;3857,09;;
04-12-2002;3405,61;3850,68;;
05-12-2002;3359,15;3798,14;;
06-12-2002;3378,58;3820,11;;
09-12-2002;3291,09;3721,18;;
10-12-2002;3332,36;3767,85;;
11-12-2002;3326,78;3761,82;;
12-12-2002;3315,97;3749,59;;
13-12-2002;3275,87;3704,25;;
16-12-2002;3388,36;3832,05;;
17-12-2002;3340,99;3778,64;;
18-12-2002;3273,86;3702,72;;
19-12-2002;3259,3;3686,25;;
20-12-2002;3306,31;3739,41;;
23-12-2002;3303,71;3736,47;;
24-12-2002;3303,8;3736,71;;
26-12-2002;3302,77;3735,79;;
27-12-2002;3241,2;3667,12;;
30-12-2002;3280,65;3711,75;;
31-12-2002;3298,41;3731,85;;
02-01-2003;3394,52;3840,59;;
03-01-2003;3406,36;3854,16;;
06-01-2003;3487,62;3946,11;;
07-01-2003;3408,64;3857,33;;
08-01-2003;3362,92;3805,59;;
09-01-2003;3426,66;3877,72;;
10-01-2003;3431,4;3883,09;;
13-01-2003;3441,15;3894,12;;
14-01-2003;3459,12;3914,46;;
15-01-2003;3421,09;3871,62;;
16-01-2003;3421,7;3872,31;;
17-01-2003;3365,42;3808,62;;
21-01-2003;3287,75;3721,84;;
22-01-2003;3249,9;3678,99;;
23-01-2003;3265,93;3697,36;;
24-01-2003;3204,02;3627,27;;
27-01-2003;3130,88;3544,47;;
28-01-2003;3160,87;3578,42;;
29-01-2003;3184,79;3606,02;;
30-01-2003;3153,3;3570,36;;
31-01-2003;3224,48;3650,97;;
03-02-2003;3227,27;3654,12;;
04-02-2003;3187,54;3609,14;;
05-02-2003;3192,58;3614,84;;
06-02-2003;3134,59;3549,19;;
07-02-2003;3106,31;3517,16;;
11-02-2003;3122,08;3535,34;;
12-02-2003;3087,11;3496,15;;
13-02-2003;3117,22;3530,24;;
14-02-2003;3173,97;3594,51;;
18-02-2003;3210,84;3636,38;;
19-02-2003;3158,4;3580,04;;
20-02-2003;3154,87;3576,1;;
21-02-2003;3192,45;3618,7;;
24-02-2003;3132,85;3551,14;;
25-02-2003;3095,29;3508,57;;
26-02-2003;3036,34;3448,88;;
27-02-2003;3051,11;3465,65;;
28-02-2003;3080,15;3498,63;;
03-03-2003;3104,55;3526,35;;
04-03-2003;3055,56;3473,21;;
05-03-2003;3080,77;3503,13;;
06-03-2003;3030,27;3445,71;;
07-03-2003;3008,93;3421,44;;
10-03-2003;2921,13;3321,6;;
11-03-2003;2920,26;3320,61;;
12-03-2003;2877,47;3272,01;;
13-03-2003;2987,7;3397,61;;
14-03-2003;3014,93;3428,57;;
17-03-2003;3104,64;3530,73;;
18-03-2003;3104,47;3531,17;;
19-03-2003;3135,52;3572,19;;
20-03-2003;3138,51;3575,6;;
21-03-2003;3217,81;3665,95;;
24-03-2003;3090,97;3521,44;;
25-03-2003;3144,73;3582,69;;
26-03-2003;3149,79;3589,3;;
27-03-2003;3121,33;3557,06;;
28-03-2003;3096,11;3531,34;;
31-03-2003;3031,97;3458,19;;
01-04-2003;3082,45;3515,75;;
02-04-2003;3145,2;3589,59;;
03-04-2003;3129,3;3571,44;;
04-04-2003;3162,31;3609,11;;
07-04-2003;3208,02;3661,66;;
08-04-2003;3215,04;3669,91;;
09-04-2003;3190,88;3642,33;;
10-04-2003;3189,27;3642,31;;
11-04-2003;3183,02;3635,39;;
14-04-2003;3225,78;3685,17;;
15-04-2003;3260,09;3724,36;;
16-04-2003;3226,09;3686,05;;
17-04-2003;3290,09;3761,59;;
21-04-2003;3289,36;3761,02;;
22-04-2003;3347,76;3827,84;;
23-04-2003;3350,58;3832,22;;
24-04-2003;3303,04;3780,16;;
25-04-2003;3248,6;3718,34;;
28-04-2003;3324,92;3808,37;;
29-04-2003;3320,7;3803,54;;
30-04-2003;3338,23;3823,61;;
01-05-2003;3338,36;3823,81;;
02-05-2003;3387,92;3882,25;;
05-05-2003;3417,72;3917,65;;
06-05-2003;3476,09;3985;;
07-05-2003;3425,68;3928,91;;
08-05-2003;3380,07;3876,59;;
09-05-2003;3439,77;3945,07;;
12-05-2003;3468,76;3978,31;;
13-05-2003;3448,01;3958,14;;
14-05-2003;3451,51;3965,85;;
15-05-2003;3473,4;3991;;
16-05-2003;3504,72;4026,98;;
19-05-2003;3399,93;3907,53;;
20-05-2003;3429,45;3941,5;;
21-05-2003;3425,21;3936,69;;
22-05-2003;3465,64;3983,15;;
23-05-2003;3467,51;3985,3;;
27-05-2003;3512,1;4036,56;;
28-05-2003;3527,57;4055,5;;
29-05-2003;3545,94;4076,61;;
30-05-2003;3565,2;4098,76;;
02-06-2003;3592,28;4129,9;;
03-06-2003;3597,72;4136,15;;
04-06-2003;3648,33;4195,73;;
05-06-2003;3664,49;4214,31;;
06-06-2003;3662,33;4211,83;;
09-06-2003;3634,11;4179,96;;
10-06-2003;3666,69;4218,91;;
11-06-2003;3741,04;4304,51;;
12-06-2003;3741,17;4305,04;;
13-06-2003;3694;4250,76;;
16-06-2003;3781,71;4351,92;;
17-06-2003;3783,64;4354,33;;
18-06-2003;3780,75;4351,83;;
19-06-2003;3725,88;4288,67;;
20-06-2003;3726,04;4288,85;;
23-06-2003;3660,63;4216,01;;
24-06-2003;3642,11;4194,68;;
25-06-2003;3635,46;4187,3;;
26-06-2003;3634,54;4186,23;;
27-06-2003;3605,94;4153,29;;
30-06-2003;3598,67;4146,06;;
01-07-2003;3600,16;4147,78;;
02-07-2003;3657,25;4213,55;;
03-07-2003;3641,95;4195,93;;
07-07-2003;3697,61;4260,45;;
08-07-2003;3683,27;4243,92;;
09-07-2003;3665,48;4223,42;;
10-07-2003;3612,17;4162,2;;
11-07-2003;3634,95;4188,45;;
14-07-2003;3662,04;4219,67;;
15-07-2003;3611,42;4161,34;;
16-07-2003;3610,71;4160,51;;
17-07-2003;3548,3;4088,6;;
18-07-2003;3598,97;4147;;
21-07-2003;3550,23;4091,11;;
22-07-2003;3582,29;4128,05;;
23-07-2003;3608,61;4158,38;;
24-07-2003;3633,44;4186,99;;
25-07-2003;3684,8;4248,34;;
28-07-2003;3682,06;4245,19;;
29-07-2003;3662,36;4222,95;;
30-07-2003;3636,7;4194,74;;
31-07-2003;3622,22;4178,03;;
01-08-2003;3587,09;4137,51;;
04-08-2003;3597,99;4150,25;;
05-08-2003;3580,57;4130,16;;
06-08-2003;3574,97;4124,94;;
07-08-2003;3599,95;4153,76;;
08-08-2003;3610,43;4165,84;;
11-08-2003;3647,43;4208,96;;
12-08-2003;3663,47;4227,46;;
13-08-2003;3656,29;4225,45;;
14-08-2003;3700,41;4277,47;;
15-08-2003;3706,37;4284,43;;
18-08-2003;3725,6;4306,66;;
19-08-2003;3717,39;4296,99;;
20-08-2003;3699,16;4280,26;;
21-08-2003;3694,93;4276,65;;
22-08-2003;3653,67;4228,9;;
25-08-2003;3641,35;4214,74;;
26-08-2003;3643,77;4217,55;;
27-08-2003;3656,2;4232,05;;
28-08-2003;3676,12;4255,11;;
29-08-2003;3673,16;4251,68;;
02-09-2003;3719,03;4304,78;;
03-09-2003;3743,12;4332,67;;
04-09-2003;3758,57;4350,55;;
05-09-2003;3761,97;4354,49;;
08-09-2003;3811,97;4412,35;;
09-09-2003;3793,41;4390,89;;
10-09-2003;3760,38;4352,7;;
11-09-2003;3784,29;4380,66;;
12-09-2003;3803,75;4403,18;;
15-09-2003;3787,75;4384,81;;
16-09-2003;3844,72;4450,97;;
17-09-2003;3836,83;4443,07;;
18-09-2003;3885,67;4499,63;;
19-09-2003;3864,34;4474,93;;
22-09-2003;3812,23;4414,58;;
23-09-2003;3822,48;4426,45;;
24-09-2003;3772,4;4368,46;;
25-09-2003;3764,94;4361,52;;
26-09-2003;3748,92;4342,97;;
29-09-2003;3769,47;4367,02;;
30-09-2003;3731,98;4323,6;;
01-10-2003;3833,26;4440,93;;
02-10-2003;3824,46;4430,74;;
03-10-2003;3885,88;4502,12;;
06-10-2003;3901,4;4520,1;;
07-10-2003;3904,53;4524,12;;
08-10-2003;3891,26;4508,75;;
09-10-2003;3923,8;4547,37;;
10-10-2003;3953,57;4581,87;;
13-10-2003;3981,02;4613,67;;
14-10-2003;3989,06;4622,99;;
15-10-2003;3965,09;4595,21;;
16-10-2003;3974,49;4606,11;;
17-10-2003;3954,95;4583,47;;
20-10-2003;3979,87;4612,34;;
21-10-2003;3984,99;4618,27;;
22-10-2003;3928,54;4552,86;;
23-10-2003;3904,06;4524,8;;
24-10-2003;3897,19;4516,84;;
27-10-2003;3914,09;4536,43;;
28-10-2003;3971,18;4602,6;;
29-10-2003;3957,17;4588,18;;
30-10-2003;3962,5;4594,37;;
31-10-2003;3946,95;4576,33;;
03-11-2003;3970,35;4603,47;;
04-11-2003;3959,15;4590,48;;
05-11-2003;3951,99;4583,01;;
06-11-2003;3949,37;4579,97;;
07-11-2003;3988,25;4625,24;;
10-11-2003;3947,94;4578,9;;
11-11-2003;3939,84;4569,5;;
12-11-2003;4012,95;4656,53;;
13-11-2003;4036,48;4684,85;;
14-11-2003;4024,27;4670,67;;
17-11-2003;3978,34;4617,48;;
18-11-2003;3987,22;4629,15;;
19-11-2003;3992,41;4635,17;;
20-11-2003;3964,7;4603;;
21-11-2003;4001,02;4645,87;;
24-11-2003;4044,41;4696,24;;
25-11-2003;4036,32;4690,75;;
26-11-2003;4073,61;4734,09;;
28-11-2003;4078,9;4740,24;;
01-12-2003;4142,1;4813,69;;
02-12-2003;4139,56;4810,73;;
03-12-2003;4163,31;4838,33;;
04-12-2003;4171,71;4848,09;;
05-12-2003;4148,19;4820,76;;
08-12-2003;4179,08;4856,66;;
09-12-2003;4174,31;4851,12;;
10-12-2003;4146,44;4818,78;;
11-12-2003;4192,47;4872,56;;
12-12-2003;4203,61;4885,52;;
15-12-2003;4193,94;4874,41;;
16-12-2003;4222,77;4908,14;;
17-12-2003;4224,54;4910,19;;
18-12-2003;4294,52;4991,53;;
19-12-2003;4277,57;4971,84;;
22-12-2003;4301,29;4999,4;;
23-12-2003;4304,09;5002,66;;
24-12-2003;4324,38;5026,43;;
26-12-2003;4327,17;5030,87;;
29-12-2003;4369,46;5080,53;;
30-12-2003;4389,99;5104,41;;
31-12-2003;4415,76;5134,36;;
02-01-2004;4457,03;5182,62;;
05-01-2004;4541,47;5280,81;;
06-01-2004;4555,05;5296,6;;
07-01-2004;4511,6;5246,49;;
08-01-2004;4576,47;5321,93;;
09-01-2004;4547,94;5288,76;;
12-01-2004;4557,3;5299,92;;
13-01-2004;4522,87;5259,88;;
14-01-2004;4555,57;5297,9;;
15-01-2004;4518,01;5254,22;;
16-01-2004;4506,45;5240,78;;
20-01-2004;4560,45;5304,77;;
21-01-2004;4606,07;5357,84;;
22-01-2004;4615,52;5369,15;;
23-01-2004;4565,85;5311,37;;
26-01-2004;4563,01;5308,07;;
27-01-2004;4555,25;5299,05;;
28-01-2004;4506,06;5242,37;;
29-01-2004;4470,26;5200,72;;
30-01-2004;4472,54;5203,37;;
02-02-2004;4467,76;5197,81;;
03-02-2004;4483,09;5215,65;;
04-02-2004;4433,29;5157,89;;
05-02-2004;4452,24;5179,93;;
06-02-2004;4528,21;5268,32;;
09-02-2004;4553,77;5298,06;;
10-02-2004;4580,33;5328,96;;
11-02-2004;4629,74;5386,44;;
12-02-2004;4588,36;5338,4;;
13-02-2004;4579,05;5327,56;;
17-02-2004;4662,45;5424,61;;
18-02-2004;4596,8;5353,56;;
19-02-2004;4620,4;5381,11;;
20-02-2004;4570,61;5323,17;;
23-02-2004;4564,37;5316,04;;
24-02-2004;4552,79;5304,95;;
25-02-2004;4539,33;5291,57;;
26-02-2004;4531,82;5282,81;;
27-02-2004;4542,82;5295,65;;
01-03-2004;4604,8;5367,9;;
02-03-2004;4543,4;5296,32;;
03-03-2004;4523,86;5274,91;;
04-03-2004;4549,35;5304,64;;
05-03-2004;4587,77;5349,43;;
08-03-2004;4560,62;5317,78;;
09-03-2004;4534,44;5287,25;;
10-03-2004;4462,66;5204,04;;
11-03-2004;4372,67;5099,46;;
12-03-2004;4403,55;5135,47;;
15-03-2004;4316,95;5034,47;;
16-03-2004;4364,3;5090,06;;
17-03-2004;4421,83;5164,81;;
18-03-2004;4404,89;5145,03;;
19-03-2004;4365,19;5098,66;;
22-03-2004;4290,11;5010,96;;
23-03-2004;4319,77;5045,94;;
24-03-2004;4274,12;4992,61;;
25-03-2004;4338,35;5067,97;;
26-03-2004;4342,44;5077,74;;
29-03-2004;4408,19;5154,86;;
30-03-2004;4424,76;5174,24;;
31-03-2004;4437,78;5191,94;;
01-04-2004;4480,02;5241,35;;
02-04-2004;4505,71;5271,67;;
05-04-2004;4524,69;5293,88;;
06-04-2004;4498,13;5263,36;;
07-04-2004;4505,78;5272,3;;
08-04-2004;4487,24;5252,23;;
12-04-2004;4510,69;5279,73;;
13-04-2004;4438,04;5195,13;;
14-04-2004;4393,92;5144,24;;
15-04-2004;4403,81;5155,83;;
16-04-2004;4437,06;5196,7;;
19-04-2004;4449,02;5210,71;;
20-04-2004;4387,17;5138,62;;
21-04-2004;4386,07;5137,71;;
22-04-2004;4442,58;5203,91;;
23-04-2004;4429,48;5188,56;;
26-04-2004;4415,02;5174,52;;
27-04-2004;4423,53;5185,84;;
28-04-2004;4310,59;5057,52;;
29-04-2004;4286,07;5028,76;;
30-04-2004;4295,57;5040,39;;
03-05-2004;4315,64;5064,83;;
04-05-2004;4387,73;5149,66;;
05-05-2004;4424,27;5192,75;;
06-05-2004;4342,84;5097,6;;
07-05-2004;4245,78;4983,95;;
10-05-2004;4139,97;4859,73;;
11-05-2004;4176,41;4903,86;;
12-05-2004;4180,68;4912,39;;
13-05-2004;4151,08;4877,78;;
14-05-2004;4138,72;4864,12;;
17-05-2004;4103,39;4823,45;;
18-05-2004;4133,28;4858,71;;
19-05-2004;4178,17;4919,78;;
20-05-2004;4149,29;4885,77;;
21-05-2004;4181,79;4924,03;;
24-05-2004;4212,54;4961,99;;
25-05-2004;4274,69;5035,2;;
26-05-2004;4268,1;5027,43;;
27-05-2004;4338,74;5110,64;;
28-05-2004;4319,62;5088,11;;
01-06-2004;4314,14;5081,66;;
02-06-2004;4315,4;5085,9;;
03-06-2004;4284,46;5050,59;;
04-06-2004;4338,31;5114,07;;
07-06-2004;4432,2;5225,52;;
08-06-2004;4411,11;5202,02;;
09-06-2004;4329,91;5106,27;;
10-06-2004;4367,16;5150,91;;
14-06-2004;4263,85;5029,72;;
15-06-2004;4338,98;5118,72;;
16-06-2004;4340,12;5121,11;;
17-06-2004;4355,59;5139,36;;
18-06-2004;4374,96;5162,21;;
21-06-2004;4359,06;5145,89;;
22-06-2004;4352,45;5138,08;;
23-06-2004;4376,24;5166,16;;
24-06-2004;4388,15;5180,45;;
25-06-2004;4379,97;5171,04;;
28-06-2004;4396,06;5190,9;;
29-06-2004;4387,55;5180,85;;
30-06-2004;4400,34;5196,02;;
01-07-2004;4360,78;5149,62;;
02-07-2004;4372,94;5163,98;;
06-07-2004;4333;5116,81;;
07-07-2004;4361,43;5151,51;;
08-07-2004;4340,27;5126,52;;
09-07-2004;4375,23;5167,81;;
12-07-2004;4366,52;5157,52;;
13-07-2004;4357,16;5146,46;;
14-07-2004;4335,17;5120,49;;
15-07-2004;4297,46;5075,95;;
16-07-2004;4316,6;5098,56;;
19-07-2004;4306,61;5086,75;;
20-07-2004;4314,99;5096,65;;
21-07-2004;4264,02;5036,45;;
22-07-2004;4272,41;5046,72;;
23-07-2004;4197,43;4958,15;;
26-07-2004;4177,65;4934,79;;
27-07-2004;4196,15;4956,64;;
28-07-2004;4211,14;4975,02;;
29-07-2004;4247,34;5017,79;;
30-07-2004;4251,85;5025,07;;
02-08-2004;4265,2;5040,85;;
03-08-2004;4255,24;5029,08;;
04-08-2004;4238,13;5012,13;;
05-08-2004;4192,66;4959,38;;
06-08-2004;4169,8;4932,34;;
09-08-2004;4168,3;4930,56;;
10-08-2004;4199,16;4968,2;;
11-08-2004;4171,89;4942,22;;
12-08-2004;4141,45;4906,57;;
13-08-2004;4171,61;4942,31;;
16-08-2004;4216,26;4995,57;;
17-08-2004;4207,75;4985,53;;
18-08-2004;4242,67;5030,65;;
19-08-2004;4239,93;5027,39;;
20-08-2004;4253,09;5043;;
23-08-2004;4231,64;5017,71;;
24-08-2004;4217,42;5000,85;;
25-08-2004;4257,86;5048,79;;
26-08-2004;4269,46;5062,55;;
27-08-2004;4276;5070,3;;
30-08-2004;4253,52;5043,65;;
31-08-2004;4279,36;5074,29;;
01-09-2004;4297,29;5096,52;;
02-09-2004;4338,54;5145,45;;
03-09-2004;4298,58;5098,05;;
07-09-2004;4324,95;5129,33;;
08-09-2004;4326,24;5130,85;;
09-09-2004;4333,88;5139,92;;
10-09-2004;4358,16;5168,71;;
13-09-2004;4374,35;5188,44;;
14-09-2004;4383,98;5200,28;;
15-09-2004;4334,49;5143,04;;
16-09-2004;4351,72;5163,49;;
17-09-2004;4379,5;5196,46;;
20-09-2004;4355,4;5167,86;;
21-09-2004;4435,42;5263,09;;
22-09-2004;4372,65;5188,61;;
23-09-2004;4362,26;5176,27;;
24-09-2004;4354,77;5167,63;;
27-09-2004;4336,1;5147,71;;
28-09-2004;4369,86;5188,41;;
29-09-2004;4380,15;5200,63;;
30-09-2004;4392,2;5214,94;;
01-10-2004;4468,39;5305,74;;
04-10-2004;4461,95;5298,09;;
05-10-2004;4482,5;5322,49;;
06-10-2004;4503,14;5346,99;;
07-10-2004;4467,37;5304,53;;
08-10-2004;4483,99;5324,83;;
11-10-2004;4487,27;5328,73;;
12-10-2004;4437,3;5269,39;;
13-10-2004;4414,2;5241,95;;
14-10-2004;4410,91;5238,05;;
15-10-2004;4460,34;5296,75;;
18-10-2004;4461,23;5297,8;;
19-10-2004;4460,45;5296,87;;
20-10-2004;4479,7;5319,74;;
21-10-2004;4505,48;5350,35;;
22-10-2004;4478,35;5318,5;;
25-10-2004;4477,95;5318,03;;
26-10-2004;4499,98;5344,19;;
27-10-2004;4544,55;5397,82;;
28-10-2004;4555,36;5410,66;;
29-10-2004;4576,32;5436,03;;
01-11-2004;4588,16;5450,1;;
02-11-2004;4602,25;5466,83;;
03-11-2004;4668,54;5547,79;;
04-11-2004;4719,72;5608,62;;
05-11-2004;4745,69;5639,47;;
08-11-2004;4719,97;5611,43;;
09-11-2004;4710,43;5602,19;;
10-11-2004;4703,39;5593,82;;
11-11-2004;4751,06;5650,52;;
12-11-2004;4796,93;5705,31;;
15-11-2004;4783,54;5689,39;;
16-11-2004;4751,77;5652,99;;
17-11-2004;4819,54;5734,7;;
18-11-2004;4791,87;5701,78;;
19-11-2004;4764,68;5672,42;;
22-11-2004;4774,65;5684,44;;
23-11-2004;4768,93;5682,81;;
24-11-2004;4791,29;5709,45;;
26-11-2004;4838,9;5766,19;;
29-11-2004;4843,33;5771,48;;
30-11-2004;4814,69;5737,34;;
01-12-2004;4883,91;5820,5;;
02-12-2004;4861,73;5794,07;;
03-12-2004;4893,79;5832,27;;
06-12-2004;4891,16;5829,15;;
07-12-2004;4859,62;5791,56;;
08-12-2004;4852,39;5782,94;;
09-12-2004;4834,39;5761,48;;
10-12-2004;4791,62;5710,52;;
13-12-2004;4865,83;5799,47;;
14-12-2004;4868,52;5802,93;;
15-12-2004;4900,01;5840,47;;
16-12-2004;4857,75;5790,1;;
17-12-2004;4836,02;5764,2;;
20-12-2004;4878,57;5814,94;;
21-12-2004;4891,14;5829,92;;
22-12-2004;4906,87;5848,67;;
23-12-2004;4941,81;5890,31;;
27-12-2004;4967,12;5920,75;;
28-12-2004;4991,74;5950,67;;
29-12-2004;4982,66;5941,55;;
30-12-2004;5001,84;5964,42;;
31-12-2004;5005,17;5968,77;;
03-01-2005;4957,27;5911,64;;
04-01-2005;4879,91;5819,39;;
05-01-2005;4865,45;5802,68;;
06-01-2005;4863,97;5801,3;;
07-01-2005;4846,61;5780,59;;
10-01-2005;4855,8;5791,55;;
11-01-2005;4837,67;5769,92;;
12-01-2005;4867,65;5805,69;;
13-01-2005;4826,11;5756,14;;
14-01-2005;4841,77;5774,82;;
18-01-2005;4841,86;5774,93;;
19-01-2005;4797,78;5723,01;;
20-01-2005;4754,46;5671,33;;
21-01-2005;4780,07;5701,89;;
24-01-2005;4786,01;5709,38;;
25-01-2005;4791,62;5717,56;;
26-01-2005;4847,32;5784,03;;
27-01-2005;4846,91;5784,36;;
28-01-2005;4831,19;5765,6;;
31-01-2005;4864,81;5805,72;;
01-02-2005;4905,81;5854,65;;
02-02-2005;4913,35;5863,89;;
03-02-2005;4879,88;5823,95;;
04-02-2005;4916,55;5870,69;;
07-02-2005;4886,96;5835,36;;
08-02-2005;4897,27;5847,66;;
09-02-2005;4882,97;5834,68;;
10-02-2005;4938,92;5901,53;;
11-02-2005;4974,32;5943,84;;
14-02-2005;5010,5;5987,06;;
15-02-2005;5033,64;6014,72;;
16-02-2005;5024,07;6007,75;;
17-02-2005;5015,74;5998,07;;
18-02-2005;5037,34;6024,07;;
22-02-2005;5032,42;6018,18;;
23-02-2005;5035,84;6025,59;;
24-02-2005;5042,95;6034,1;;
25-02-2005;5095,18;6096,58;;
28-02-2005;5073,15;6070,22;;
01-03-2005;5087,62;6090,13;;
02-03-2005;5069,97;6071,65;;
03-03-2005;5088,97;6094,4;;
04-03-2005;5155,18;6173,7;;
07-03-2005;5145,02;6161,53;;
08-03-2005;5161,79;6181,61;;
09-03-2005;5128,01;6141,15;;
10-03-2005;5128,9;6142,22;;
11-03-2005;5125,55;6138,63;;
14-03-2005;5111,13;6121,48;;
15-03-2005;5088,54;6094,74;;
16-03-2005;5071,52;6082,73;;
17-03-2005;5082,61;6096,04;;
18-03-2005;5070,06;6081;;
21-03-2005;5022,52;6023,99;;
22-03-2005;4967,03;5957,43;;
23-03-2005;4923,57;5905,57;;
24-03-2005;4925,14;5907,45;;
28-03-2005;4917,57;5901,2;;
29-03-2005;4880,52;5857,55;;
30-03-2005;4938,23;5927,15;;
31-03-2005;4936,74;5925,36;;
01-04-2005;4921,21;5908,12;;
04-04-2005;4901,15;5884,03;;
05-04-2005;4934,54;5924,12;;
06-04-2005;4945,91;5938,51;;
07-04-2005;4975,51;5976,34;;
08-04-2005;4966,83;5968,35;;
11-04-2005;4986,78;5993,08;;
12-04-2005;4971,03;5974,15;;
13-04-2005;4930,73;5925,71;;
14-04-2005;4893,59;5881,09;;
15-04-2005;4826,6;5800,74;;
18-04-2005;4815;5788,11;;
19-04-2005;4871,32;5855,8;;
20-04-2005;4812,21;5784,75;;
21-04-2005;4880,32;5867,03;;
22-04-2005;4863,24;5851,22;;
25-04-2005;4891,06;5888,16;;
26-04-2005;4843,12;5832,09;;
27-04-2005;4817,28;5804,02;;
28-04-2005;4782,46;5764,38;;
29-04-2005;4828,08;5822,31;;
02-05-2005;4844,21;5844,85;;
03-05-2005;4844,06;5844,66;;
04-05-2005;4915,77;5932,79;;
05-05-2005;4919,13;5936,85;;
06-05-2005;4913,98;5930,63;;
09-05-2005;4918,62;5936,87;;
10-05-2005;4857,66;5865,16;;
11-05-2005;4852,85;5864,68;;
12-05-2005;4785,22;5784,59;;
13-05-2005;4757,14;5750,91;;
16-05-2005;4776,65;5774,51;;
17-05-2005;4782,69;5782,87;;
18-05-2005;4838,29;5853,43;;
19-05-2005;4848,78;5870,26;;
20-05-2005;4826,67;5843,49;;
23-05-2005;4861,17;5886,01;;
24-05-2005;4857,38;5881,42;;
25-05-2005;4847,34;5869,27;;
26-05-2005;4854,31;5878,27;;
27-05-2005;4873,58;5901,61;;
31-05-2005;4809,59;5825,14;;
01-06-2005;4839,88;5865,28;;
02-06-2005;4859,3;5891,76;;
03-06-2005;4823,57;5849,83;;
06-06-2005;4841,16;5871,15;;
07-06-2005;4864,47;5899,42;;
08-06-2005;4848,78;5881,61;;
09-06-2005;4864,67;5900,88;;
10-06-2005;4835,96;5866,15;;
13-06-2005;4834,79;5866,43;;
14-06-2005;4840,98;5874,24;;
15-06-2005;4859,77;5898,67;;
16-06-2005;4878,9;5921,89;;
17-06-2005;4950,38;6008,65;;
20-06-2005;4915,24;5969,24;;
21-06-2005;4921,28;5976,62;;
22-06-2005;4924,15;5980,11;;
23-06-2005;4878,15;5924,24;;
24-06-2005;4873,18;5918,47;;
27-06-2005;4875,12;5921,31;;
28-06-2005;4899,79;5951,94;;
29-06-2005;4897,14;5949,08;;
30-06-2005;4868,14;5914,24;;
01-07-2005;4881,59;5930,87;;
05-07-2005;4888,3;5939,02;;
06-07-2005;4888,98;5940,74;;
07-07-2005;4868,72;5916,12;;
08-07-2005;4920,34;5978,85;;
11-07-2005;4963,42;6031,19;;
12-07-2005;5008,19;6085,59;;
13-07-2005;4987,71;6060,7;;
14-07-2005;4996,1;6070,9;;
15-07-2005;4986,22;6058,9;;
18-07-2005;4974,12;6044,19;;
19-07-2005;4990,42;6064;;
20-07-2005;5020,21;6100,2;;
21-07-2005;5011,56;6089,69;;
22-07-2005;5001,94;6078,46;;
25-07-2005;4995,29;6070,37;;
26-07-2005;4990,4;6064,44;;
27-07-2005;5024,86;6107,16;;
28-07-2005;5058,97;6148,62;;
29-07-2005;5044,63;6131,19;;
01-08-2005;5087,4;6183,18;;
02-08-2005;5138,88;6245,74;;
03-08-2005;5162,06;6279,42;;
04-08-2005;5125,62;6236,27;;
05-08-2005;5097,22;6201,72;;
08-08-2005;5125,73;6236,41;;
09-08-2005;5177,61;6299,52;;
10-08-2005;5221,23;6358,84;;
11-08-2005;5277,42;6427,62;;
12-08-2005;5259,89;6406,55;;
15-08-2005;5247,24;6391,54;;
16-08-2005;5185,07;6317,27;;
17-08-2005;5155,63;6285,52;;
18-08-2005;5104,6;6223,31;;
19-08-2005;5147,07;6275,08;;
22-08-2005;5181,92;6317,57;;
23-08-2005;5142,47;6269,48;;
24-08-2005;5126,84;6250,42;;
25-08-2005;5137,96;6264,31;;
26-08-2005;5091,75;6207,98;;
29-08-2005;5106,92;6226,47;;
30-08-2005;5097,92;6215,54;;
31-08-2005;5186,58;6323,63;;
01-09-2005;5256,96;6409,44;;
02-09-2005;5267,34;6422,09;;
06-09-2005;5330,68;6499,32;;
07-09-2005;5310,46;6476;;
08-09-2005;5285,3;6445,31;;
09-09-2005;5339,44;6511,53;;
12-09-2005;5290,43;6451,77;;
13-09-2005;5253,22;6407,21;;
14-09-2005;5277,31;6438,22;;
15-09-2005;5283,82;6446,17;;
16-09-2005;5338,44;6512,8;;
19-09-2005;5313,89;6482,85;;
20-09-2005;5300,08;6466,04;;
21-09-2005;5299,85;6465,77;;
22-09-2005;5282,41;6444,48;;
23-09-2005;5267,93;6426,82;;
26-09-2005;5335,66;6509,73;;
27-09-2005;5314,83;6488,17;;
28-09-2005;5371,3;6557,1;;
29-09-2005;5402,36;6595,01;;
30-09-2005;5380;6568,12;;
03-10-2005;5367,35;6552,68;;
04-10-2005;5333,19;6510,98;;
05-10-2005;5256,37;6417,75;;
06-10-2005;5234,18;6390,65;;
07-10-2005;5257,94;6419,65;;
10-10-2005;5233,75;6390,12;;
11-10-2005;5241,97;6400,16;;
12-10-2005;5195,69;6343,66;;
13-10-2005;5165,02;6306,21;;
14-10-2005;5217,53;6370,32;;
17-10-2005;5195,09;6343,17;;
18-10-2005;5114,93;6245,3;;
19-10-2005;5161,13;6301,71;;
20-10-2005;5045,42;6160,43;;
21-10-2005;5060,07;6178,81;;
24-10-2005;5137,81;6275,18;;
25-10-2005;5136,4;6273,44;;
26-10-2005;5129,96;6265,73;;
27-10-2005;5097,56;6226,97;;
28-10-2005;5150,19;6291,27;;
31-10-2005;5199,7;6351,74;;
01-11-2005;5208,07;6361,97;;
02-11-2005;5271,66;6443,74;;
03-11-2005;5289,89;6466,03;;
04-11-2005;5239,77;6405,24;;
07-11-2005;5243,14;6409,36;;
08-11-2005;5221,5;6388,77;;
09-11-2005;5218,55;6385,16;;
10-11-2005;5199,87;6362,59;;
11-11-2005;5226,4;6395,05;;
14-11-2005;5210,04;6375,03;;
15-11-2005;5167,17;6322,63;;
16-11-2005;5165,04;6321,47;;
17-11-2005;5238,06;6410,85;;
18-11-2005;5257,59;6436,56;;
21-11-2005;5281,01;6469,05;;
22-11-2005;5310,14;6510,36;;
23-11-2005;5331,9;6537,04;;
25-11-2005;5311,86;6512,46;;
28-11-2005;5292,42;6488,63;;
29-11-2005;5290,81;6486,66;;
30-11-2005;5247,44;6434,15;;
01-12-2005;5346,16;6555,2;;
02-12-2005;5355,87;6567,11;;
05-12-2005;5370,98;6585,64;;
06-12-2005;5390,72;6609,84;;
07-12-2005;5347,26;6556,66;;
08-12-2005;5368,38;6582,55;;
09-12-2005;5380,02;6596,82;;
12-12-2005;5429,2;6657,13;;
13-12-2005;5445,22;6677,6;;
14-12-2005;5450,13;6683,95;;
15-12-2005;5398,78;6620,97;;
16-12-2005;5424,32;6652,3;;
19-12-2005;5411,61;6636,71;;
20-12-2005;5407,36;6632,26;;
21-12-2005;5429,98;6660,01;;
22-12-2005;5440,42;6672,81;;
23-12-2005;5445,01;6678,72;;
27-12-2005;5395,78;6618,62;;
28-12-2005;5430,34;6662,93;;
29-12-2005;5433,87;6667,69;;
30-12-2005;5410,02;6638,42;;
03-01-2006;5572,62;6838,23;;
04-01-2006;5639,59;6920,41;;
05-01-2006;5612,85;6888,14;;
06-01-2006;5695,78;6989,91;;
09-01-2006;5692,59;6986,42;;
10-01-2006;5633,79;6914,26;;
11-01-2006;5673,11;6962,51;;
12-01-2006;5630,67;6910,43;;
13-01-2006;5649,67;6933,75;;
17-01-2006;5617,6;6894,39;;
18-01-2006;5556,66;6820,29;;
19-01-2006;5610,42;6886,28;;
20-01-2006;5537,16;6796,36;;
23-01-2006;5615,71;6892,78;;
24-01-2006;5610,77;6888,65;;
25-01-2006;5628,51;6910,44;;
26-01-2006;5702,77;7001,61;;
27-01-2006;5735,8;7042,99;;
30-01-2006;5734,85;7041,82;;
31-01-2006;5763,8;7077,36;;
01-02-2006;5760,64;7073,78;;
02-02-2006;5695,54;6993,84;;
03-02-2006;5667,9;6959,9;;
06-02-2006;5669;6961,25;;
07-02-2006;5607,68;6885,95;;
08-02-2006;5628,55;6916,05;;
09-02-2006;5649,37;6941,63;;
10-02-2006;5636,31;6925,58;;
13-02-2006;5616,3;6901;;
14-02-2006;5665,57;6961,53;;
15-02-2006;5626,58;6915,6;;
16-02-2006;5679,44;6980,97;;
17-02-2006;5688,55;6992,36;;
21-02-2006;5681,63;6984,31;;
22-02-2006;5700,23;7012,29;;
23-02-2006;5697,54;7008,99;;
24-02-2006;5713,17;7028,22;;
27-02-2006;5715,59;7031,19;;
28-02-2006;5668,11;6975,41;;
01-03-2006;5721,16;7045,65;;
02-03-2006;5722,07;7046,77;;
03-03-2006;5720,84;7045,26;;
06-03-2006;5696,44;7015,21;;
07-03-2006;5641,11;6947,07;;
08-03-2006;5646,97;6958,44;;
09-03-2006;5647,1;6958,6;;
10-03-2006;5714,93;7042,2;;
13-03-2006;5758,6;7096,46;;
14-03-2006;5826,61;7180,66;;
15-03-2006;5850,68;7210,37;;
16-03-2006;5864,08;7226,88;;
17-03-2006;5865,43;7228,55;;
20-03-2006;5862,29;7224,72;;
21-03-2006;5816,5;7168,29;;
22-03-2006;5857,48;7224,46;;
23-03-2006;5805,84;7160,77;;
24-03-2006;5843,24;7207,18;;
27-03-2006;5809,9;7166,06;;
28-03-2006;5757,99;7104,59;;
29-03-2006;5827,24;7190,57;;
30-03-2006;5902,41;7283,32;;
31-03-2006;5849,67;7221,22;;
03-04-2006;5904,2;7288,53;;
04-04-2006;5952,68;7348,78;;
05-04-2006;6000,55;7408,8;;
06-04-2006;6001,29;7409,71;;
07-04-2006;5935,29;7328,23;;
10-04-2006;5962,27;7362,34;;
11-04-2006;5916,64;7306;;
12-04-2006;5906,58;7293,58;;
13-04-2006;5915,9;7307,75;;
17-04-2006;5957,81;7359,52;;
18-04-2006;6066,94;7494,33;;
19-04-2006;6117,15;7556,35;;
20-04-2006;6092,82;7528,57;;
21-04-2006;6155,1;7606,11;;
24-04-2006;6142,67;7594,19;;
25-04-2006;6129,26;7577,89;;
26-04-2006;6147,82;7606,91;;
27-04-2006;6168,41;7632,38;;
28-04-2006;6179,35;7647,39;;
01-05-2006;6184,53;7659,17;;
02-05-2006;6271,11;7774,35;;
03-05-2006;6215,83;7706,15;;
04-05-2006;6249,52;7747,93;;
05-05-2006;6337,46;7860,49;;
08-05-2006;6318;7837,33;;
09-05-2006;6355,46;7887,5;;
10-05-2006;6331,4;7867,8;;
11-05-2006;6248,05;7764,43;;
12-05-2006;6159,82;7655,13;;
15-05-2006;6095,72;7578,35;;
16-05-2006;6128,16;7619,84;;
17-05-2006;5929,57;7376,28;;
18-05-2006;5909,23;7350,97;;
19-05-2006;5931,85;7379,11;;
22-05-2006;5828,97;7252,16;;
23-05-2006;5857,87;7288,11;;
24-05-2006;5809,45;7227,87;;
25-05-2006;5926,79;7373,87;;
26-05-2006;5965,13;7421,57;;
30-05-2006;5862,86;7294,33;;
31-05-2006;5919,45;7364,78;;
01-06-2006;5961,14;7416,66;;
02-06-2006;5997,57;7467,33;;
05-06-2006;5871,83;7312,73;;
06-06-2006;5815,55;7242,63;;
07-06-2006;5761,32;7182,59;;
08-06-2006;5665,81;7063,51;;
09-06-2006;5645,5;7038,19;;
12-06-2006;5571,02;6945,34;;
13-06-2006;5429,51;6769,82;;
14-06-2006;5503,69;6862,36;;
15-06-2006;5661,67;7059,34;;
16-06-2006;5609,42;6994,2;;
19-06-2006;5554,7;6930,26;;
20-06-2006;5584,95;6969,69;;
21-06-2006;5666,36;7071,28;;
22-06-2006;5642,79;7041,87;;
23-06-2006;5633,81;7030,65;;
26-06-2006;5665,26;7070,21;;
27-06-2006;5587,68;6974,04;;
28-06-2006;5627,8;7027,61;;
29-06-2006;5825,21;7275,09;;
30-06-2006;5881,93;7345,92;;
03-07-2006;5943,44;7422,74;;
05-07-2006;5856,92;7315,71;;
06-07-2006;5900,2;7369,77;;
07-07-2006;5889,32;7356,18;;
10-07-2006;5906,34;7377,44;;
11-07-2006;5931,51;7408,88;;
12-07-2006;5834,68;7287,93;;
13-07-2006;5731,64;7159,23;;
14-07-2006;5695,52;7114,11;;
17-07-2006;5615,51;7014,18;;
18-07-2006;5604,7;7000,98;;
19-07-2006;5752,5;7185,6;;
20-07-2006;5713,15;7136,44;;
21-07-2006;5705,43;7127,04;;
24-07-2006;5822,64;7274,05;;
25-07-2006;5836,74;7291,67;;
26-07-2006;5867,79;7330,46;;
27-07-2006;5886,03;7354,27;;
28-07-2006;5988,77;7482,64;;
31-07-2006;5962,92;7450,34;;
01-08-2006;5922,63;7400;;
02-08-2006;5961,56;7453,95;;
03-08-2006;5948,23;7438,68;;
04-08-2006;5980,7;7479,29;;
07-08-2006;5940,44;7428,94;;
08-08-2006;5926,51;7411,52;;
09-08-2006;5962,34;7463,22;;
10-08-2006;5947,09;7444,14;;
11-08-2006;5895,81;7381,49;;
14-08-2006;5911,92;7402,49;;
15-08-2006;6034,46;7555,92;;
16-08-2006;6078,73;7617,84;;
17-08-2006;6058,96;7593,07;;
18-08-2006;6075,83;7614,21;;
21-08-2006;6074,85;7613,2;;
22-08-2006;6059,63;7594,52;;
23-08-2006;6030,3;7557,75;;
24-08-2006;6022,95;7548,55;;
25-08-2006;6012,52;7535,47;;
28-08-2006;6047,61;7579,45;;
29-08-2006;6069,26;7606,58;;
30-08-2006;6079,85;7620,45;;
31-08-2006;6066,73;7604,01;;
01-09-2006;6101,09;7647,08;;
05-09-2006;6112,71;7661,64;;
06-09-2006;5999,69;7522,01;;
07-09-2006;5934,19;7439,88;;
08-09-2006;5914,58;7415,29;;
11-09-2006;5869,57;7359,19;;
12-09-2006;5939,43;7447,22;;
13-09-2006;5955,57;7469,45;;
14-09-2006;5932,09;7440;;
15-09-2006;5913,38;7416,53;;
18-09-2006;5955,69;7469,6;;
19-09-2006;5888,09;7384,82;;
20-09-2006;5941,3;7451,79;;
21-09-2006;5969,01;7486,54;;
22-09-2006;5937,4;7446,9;;
25-09-2006;5966,69;7483,63;;
26-09-2006;5987,33;7509,82;;
27-09-2006;6025,45;7559,9;;
28-09-2006;6037,35;7574,82;;
29-09-2006;6019,71;7553,19;;
02-10-2006;6037,3;7575,26;;
03-10-2006;6007,18;7537,46;;
04-10-2006;6073,6;7621,5;;
05-10-2006;6088,68;7640,43;;
06-10-2006;6052,57;7595,12;;
09-10-2006;6048,96;7590,58;;
10-10-2006;6069,65;7616,55;;
11-10-2006;6062,98;7608,58;;
12-10-2006;6131,87;7695,03;;
13-10-2006;6139,04;7704,04;;
16-10-2006;6188;7765,47;;
17-10-2006;6130,49;7693,3;;
18-10-2006;6141,58;7707,21;;
19-10-2006;6204,1;7785,68;;
20-10-2006;6214,81;7799,3;;
23-10-2006;6227,56;7816,87;;
24-10-2006;6230,15;7820,61;;
25-10-2006;6280,01;7883,41;;
26-10-2006;6320,18;7933,83;;
27-10-2006;6276,34;7879,65;;
30-10-2006;6254,87;7852,71;;
31-10-2006;6275,9;7879,11;;
01-11-2006;6251,38;7853,84;;
02-11-2006;6270,1;7877,36;;
03-11-2006;6265,16;7872,3;;
06-11-2006;6352,01;7981,44;;
07-11-2006;6368,27;8003,89;;
08-11-2006;6378,79;8021,11;;
09-11-2006;6353,74;7989,61;;
10-11-2006;6362,22;8001,67;;
13-11-2006;6331,99;7964,98;;
14-11-2006;6373,34;8020,07;;
15-11-2006;6375,4;8022,66;;
16-11-2006;6347,41;7987,44;;
17-11-2006;6340,29;7979,7;;
20-11-2006;6312,69;7946,27;;
21-11-2006;6341,86;7989,27;;
22-11-2006;6375,42;8031,55;;
24-11-2006;6371,56;8026,69;;
27-11-2006;6298,71;7934,92;;
28-11-2006;6329,89;7974,31;;
29-11-2006;6398,96;8062,27;;
30-11-2006;6412,1;8078,82;;
01-12-2006;6385,58;8045,41;;
04-12-2006;6425,88;8096,18;;
05-12-2006;6463,75;8143,89;;
06-12-2006;6432,09;8104,09;;
07-12-2006;6458,28;8137,09;;
08-12-2006;6451,32;8128,32;;
11-12-2006;6475,42;8158,69;;
12-12-2006;6484,78;8170,47;;
13-12-2006;6517,27;8211,8;;
14-12-2006;6553,35;8257,26;;
15-12-2006;6528,54;8225,99;;
18-12-2006;6498,39;8188;;
19-12-2006;6538,48;8238,52;;
20-12-2006;6521,44;8217,05;;
21-12-2006;6517,19;8211,69;;
22-12-2006;6479,65;8164,39;;
26-12-2006;6504,66;8196,12;;
27-12-2006;6568,13;8278,91;;
28-12-2006;6569,64;8281,19;;
29-12-2006;6556,08;8264,11;;
03-01-2007;6571,15;8283,7;;
04-01-2007;6555,96;8264,55;;
05-01-2007;6465,35;8151,07;;
08-01-2007;6461,89;8147,2;;
09-01-2007;6437,7;8116,7;;
10-01-2007;6377,85;8041,24;;
11-01-2007;6419,01;8093,13;;
12-01-2007;6518,99;8219,19;;
16-01-2007;6502,93;8198,94;;
17-01-2007;6503,89;8200,96;;
18-01-2007;6487,25;8179,98;;
19-01-2007;6550,22;8259,38;;
22-01-2007;6503,76;8200,8;;
23-01-2007;6576,08;8294,24;;
24-01-2007;6629,22;8361,27;;
25-01-2007;6529;8234,86;;
26-01-2007;6525,1;8229,94;;
29-01-2007;6500,28;8199,65;;
30-01-2007;6560,42;8275,51;;
31-01-2007;6581,27;8302,11;;
01-02-2007;6642,27;8379,06;;
02-02-2007;6616,33;8346,34;;
05-02-2007;6598,15;8323,41;;
06-02-2007;6644,23;8381,53;;
07-02-2007;6654,89;8400,45;;
08-02-2007;6647,62;8391,26;;
09-02-2007;6619,02;8355,16;;
12-02-2007;6597,25;8327,68;;
13-02-2007;6683,09;8436,04;;
14-02-2007;6759,59;8534,99;;
15-02-2007;6762,89;8539,21;;
16-02-2007;6755,83;8530,46;;
20-02-2007;6756,04;8530,73;;
21-02-2007;6727,37;8497,39;;
22-02-2007;6744,08;8518,78;;
23-02-2007;6758,01;8536,38;;
26-02-2007;6774,93;8557,75;;
27-02-2007;6504,72;8216,99;;
28-02-2007;6528,7;8249,3;;
01-03-2007;6451,76;8152,1;;
02-03-2007;6355,57;8030,56;;
05-03-2007;6255,74;7904,42;;
06-03-2007;6406,64;8098,45;;
07-03-2007;6408,84;8110,71;;
08-03-2007;6476,92;8196,86;;
09-03-2007;6493,61;8217,99;;
12-03-2007;6515,04;8245,11;;
13-03-2007;6368,12;8059,65;;
14-03-2007;6368,36;8060,8;;
15-03-2007;6400,27;8101,19;;
16-03-2007;6409,43;8112,78;;
19-03-2007;6493,07;8218,65;;
20-03-2007;6547,9;8288,05;;
21-03-2007;6678,95;8460,08;;
22-03-2007;6665,57;8443,13;;
23-03-2007;6698,06;8484,29;;
26-03-2007;6700,09;8487,1;;
27-03-2007;6665,71;8443,54;;
28-03-2007;6606,34;8369,18;;
29-03-2007;6684,33;8467,99;;
30-03-2007;6658,54;8436,79;;
02-04-2007;6702,13;8492,38;;
03-04-2007;6747,45;8550,38;;
04-04-2007;6774,45;8585,95;;
05-04-2007;6798,95;8619,18;;
09-04-2007;6785,79;8602,5;;
10-04-2007;6833,96;8663,56;;
11-04-2007;6800,27;8622,09;;
12-04-2007;6861,88;8700,21;;
13-04-2007;6912,59;8764,51;;
16-04-2007;6991,16;8864,12;;
17-04-2007;6987,04;8859,19;;
18-04-2007;6984,73;8856,26;;
19-04-2007;6950,75;8817,41;;
20-04-2007;7033,7;8922,63;;
23-04-2007;6977,39;8853,87;;
24-04-2007;6957,27;8830,93;;
25-04-2007;7037,77;8934,88;;
26-04-2007;6982,14;8869,35;;
27-04-2007;6977,95;8864,03;;
30-04-2007;6930,47;8808;;
01-05-2007;6926,15;8809,35;;
02-05-2007;6989,18;8893,82;;
03-05-2007;7005,28;8914,89;;
04-05-2007;7050,08;8974,33;;
07-05-2007;7074,98;9008,58;;
08-05-2007;7023,93;8944,84;;
09-05-2007;7049,6;8984,26;;
10-05-2007;6898,56;8792,69;;
11-05-2007;7010,72;8937,2;;
14-05-2007;6993,23;8917,33;;
15-05-2007;7002,74;8934,5;;
16-05-2007;7022,85;8966,2;;
17-05-2007;7016,99;8960,55;;
18-05-2007;7091,87;9057,14;;
21-05-2007;7064,34;9022,17;;
22-05-2007;7071,52;9032,03;;
23-05-2007;7111,92;9084,84;;
24-05-2007;7039,99;8992,95;;
25-05-2007;7095,82;9067,54;;
29-05-2007;7101,59;9075,05;;
30-05-2007;7141,22;9125,7;;
31-05-2007;7161,98;9152,59;;
01-06-2007;7232,26;9242,39;;
04-06-2007;7249,34;9272,43;;
05-06-2007;7201,81;9211,63;;
06-06-2007;7110,98;9104,19;;
07-06-2007;6992,52;8952,53;;
08-06-2007;7069,81;9053,59;;
11-06-2007;7079,64;9066,18;;
12-06-2007;6986,88;8947,39;;
13-06-2007;7083,71;9071,98;;
14-06-2007;7150,23;9157,17;;
15-06-2007;7243,79;9276,99;;
18-06-2007;7241,12;9277,75;;
19-06-2007;7257,77;9299,09;;
20-06-2007;7193,14;9216,27;;
21-06-2007;7225,6;9257,86;;
22-06-2007;7151,31;9162,68;;
25-06-2007;7126,67;9131,11;;
26-06-2007;7116,45;9118,28;;
27-06-2007;7153,57;9167,8;;
28-06-2007;7190,73;9215,42;;
29-06-2007;7223,43;9258,27;;
02-07-2007;7329,43;9394,53;;
03-07-2007;7362,56;9436,99;;
05-07-2007;7338,11;9406,52;;
06-07-2007;7387,38;9469,67;;
09-07-2007;7419,95;9511,42;;
10-07-2007;7314,37;9376,09;;
11-07-2007;7372,21;9450,64;;
12-07-2007;7515,33;9634,12;;
13-07-2007;7513,49;9631,76;;
16-07-2007;7487,83;9598,87;;
17-07-2007;7468,51;9574,1;;
18-07-2007;7441,88;9539,96;;
19-07-2007;7476,26;9584,03;;
20-07-2007;7389,93;9473,36;;
23-07-2007;7435,75;9532,1;;
24-07-2007;7283,05;9337;;
25-07-2007;7282,19;9335,89;;
26-07-2007;7043,71;9030,16;;
07-08-2007;7041,49;9033,63;;
08-08-2007;7154,38;9186,54;;
09-08-2007;6911,03;8876,36;;
10-08-2007;6859,39;8810,77;;
13-08-2007;6851,61;8800,77;;
14-08-2007;6731,13;8646,02;;
15-08-2007;6582,94;8461,16;;
16-08-2007;6543,59;8411,01;;
17-08-2007;6701,74;8614,29;;
20-08-2007;6710,16;8625,7;;
21-08-2007;6708,05;8623,03;;
22-08-2007;6840,53;8795,89;;
23-08-2007;6865;8827,35;;
24-08-2007;6982,57;8978,54;;
27-08-2007;6931,86;8913,32;;
28-08-2007;6745,62;8673,85;;
29-08-2007;6933,85;8916,64;;
30-08-2007;6888,27;8858,06;;
31-08-2007;7027,8;9038,58;;
04-09-2007;7108,27;9142,07;;
05-09-2007;7017,38;9025,29;;
06-09-2007;7072,12;9095,69;;
07-09-2007;6973,11;8968,34;;
10-09-2007;6949,27;8938,05;;
11-09-2007;7076,36;9101,51;;
12-09-2007;7073,38;9102,34;;
13-09-2007;7134,61;9181,14;;
14-09-2007;7107,64;9146,42;;
17-09-2007;7037,92;9056,71;;
18-09-2007;7279,16;9367,15;;
19-09-2007;7319,58;9419,49;;
20-09-2007;7346,46;9454,07;;
21-09-2007;7381,04;9498,57;;
24-09-2007;7390,95;9511,33;;
25-09-2007;7392,06;9512,76;;
26-09-2007;7409,24;9535,93;;
27-09-2007;7495,79;9647,32;;
28-09-2007;7504,13;9658,56;;
01-10-2007;7622,8;9811,79;;
02-10-2007;7588,9;9768,16;;
03-10-2007;7494,17;9646,22;;
04-10-2007;7547,62;9716,04;;
05-10-2007;7626,49;9817,57;;
08-10-2007;7555,88;9726,67;;
09-10-2007;7636,91;9831,38;;
10-10-2007;7625,82;9817,7;;
11-10-2007;7646,44;9844,25;;
12-10-2007;7715,36;9932,97;;
15-10-2007;7654,96;9855,22;;
16-10-2007;7567,2;9742,23;;
17-10-2007;7648,47;9846,87;;
18-10-2007;7683,91;9892,52;;
19-10-2007;7499,54;9655,44;;
22-10-2007;7487,83;9642,68;;
23-10-2007;7612,92;9804,54;;
24-10-2007;7569;9747,98;;
25-10-2007;7614,25;9806,26;;
26-10-2007;7793,93;10037,66;;
29-10-2007;7879,03;10148,67;;
30-10-2007;7805,21;10053,59;;
31-10-2007;7946,28;10241,47;;
01-11-2007;7716,36;9947,55;;
02-11-2007;7791,07;10044,68;;
05-11-2007;7685,04;9907,98;;
06-11-2007;7820,81;10083,03;;
07-11-2007;7638,5;9848,92;;
08-11-2007;7687,47;9916,54;;
09-11-2007;7531,71;9715,61;;
12-11-2007;7318,74;9440,89;;
13-11-2007;7585,27;9788,96;;
14-11-2007;7540,36;9731,01;;
15-11-2007;7393,83;9542,35;;
16-11-2007;7450,74;9615,79;;
19-11-2007;7267,02;9380,35;;
20-11-2007;7388,27;9544,31;;
21-11-2007;7233,45;9344,31;;
23-11-2007;7391,05;9547,91;;
26-11-2007;7259,59;9378,09;;
27-11-2007;7381,08;9535,03;;
28-11-2007;7587,85;9803,3;;
29-11-2007;7549,37;9753,78;;
30-11-2007;7594,09;9811,9;;
03-12-2007;7569,62;9780,28;;
04-12-2007;7525,68;9723,52;;
05-12-2007;7633,73;9863,12;;
06-12-2007;7714,4;9967,46;;
07-12-2007;7705,59;9956,08;;
10-12-2007;7766,3;10034,52;;
11-12-2007;7560,41;9768,51;;
12-12-2007;7684,83;9929,91;;
13-12-2007;7551,19;9757,23;;
14-12-2007;7379,33;9535,16;;
17-12-2007;7218,19;9326,95;;
18-12-2007;7290,82;9420,79;;
19-12-2007;7264,21;9386,41;;
20-12-2007;7292,39;9422,82;;
21-12-2007;7419,15;9586,62;;
24-12-2007;7481;9666,53;;
26-12-2007;7516,88;9715,94;;
27-12-2007;7476,54;9663,79;;
28-12-2007;7502,05;9697,32;;
31-12-2007;7443,94;9622,21;;
02-01-2008;7417,98;9589,15;;
03-01-2008;7450,39;9631,04;;
04-01-2008;7270,25;9398,17;;
07-01-2008;7316,68;9459,25;;
08-01-2008;7246,55;9368,58;;
09-01-2008;7328,59;9474,64;;
10-01-2008;7347,47;9499,82;;
11-01-2008;7207,91;9319,37;;
14-01-2008;7287,33;9422,32;;
15-01-2008;7041,45;9104,39;;
16-01-2008;6884,19;8902,12;;
17-01-2008;6717,7;8686,83;;
18-01-2008;6739,61;8715,16;;
22-01-2008;6519,89;8434,17;;
23-01-2008;6533,47;8451,73;;
24-01-2008;6728,46;8703,97;;
25-01-2008;6648,05;8599,95;;
28-01-2008;6732,64;8709,39;;
29-01-2008;6782,48;8775,32;;
30-01-2008;6749,21;8732,68;;
31-01-2008;6815,46;8818,4;;
01-02-2008;6944,53;8985,41;;
04-02-2008;6891,17;8916,36;;
05-02-2008;6587,78;8523,81;;
06-02-2008;6564,04;8496,37;;
07-02-2008;6545,06;8474,92;;
08-02-2008;6526,22;8450,52;;
11-02-2008;6547,32;8477,85;;
12-02-2008;6668,62;8634,91;;
13-02-2008;6732,8;8723,38;;
14-02-2008;6668,29;8639,8;;
15-02-2008;6655,35;8623,03;;
19-02-2008;6756,2;8753,75;;
20-02-2008;6754,47;8760,65;;
21-02-2008;6709,2;8701,92;;
22-02-2008;6801,19;8821,24;;
25-02-2008;6910,51;8963,7;;
26-02-2008;7019,76;9110,34;;
27-02-2008;7030,35;9127,91;;
28-02-2008;6989,61;9075,09;;
29-02-2008;6775,82;8797,58;;
03-03-2008;6777,83;8800,59;;
04-03-2008;6672,38;8663,81;;
05-03-2008;6749,13;8780,94;;
06-03-2008;6611,28;8601,71;;
07-03-2008;6544,47;8514,78;;
10-03-2008;6454,19;8397,32;;
11-03-2008;6690,58;8704,88;;
12-03-2008;6675,27;8685,72;;
13-03-2008;6695,91;8712,67;;
14-03-2008;6527,52;8493,56;;
17-03-2008;6351,22;8264,16;;
18-03-2008;6594,98;8581,33;;
19-03-2008;6303,29;8201,79;;
20-03-2008;6382,78;8312,53;;
24-03-2008;6515,98;8485,99;;
25-03-2008;6628,75;8632,86;;
26-03-2008;6614,64;8615,37;;
27-03-2008;6595,78;8590,8;;
28-03-2008;6569,98;8559,2;;
31-03-2008;6590,87;8586,42;;
01-04-2008;6808,55;8870,57;;
02-04-2008;6848,58;8922,72;;
03-04-2008;6895,99;8984,49;;
04-04-2008;6922,63;9019,2;;
07-04-2008;6945,31;9050,81;;
08-04-2008;6918,7;9016,17;;
09-04-2008;6876,79;8962,85;;
10-04-2008;6871,79;8961,03;;
11-04-2008;6766,17;8823,72;;
14-04-2008;6771,52;8830,78;;
15-04-2008;6830,75;8908,09;;
16-04-2008;7031,55;9169,96;;
17-04-2008;6964,42;9082,42;;
18-04-2008;7069,64;9219,63;;
21-04-2008;7106,78;9272,97;;
22-04-2008;7038,96;9186,5;;
23-04-2008;7054,87;9207,26;;
24-04-2008;7008,48;9151,14;;
25-04-2008;7092,89;9262,28;;
28-04-2008;7111,37;9290;;
29-04-2008;7054,19;9217,68;;
30-04-2008;7114,53;9300,23;;
01-05-2008;7151,99;9349,2;;
02-05-2008;7222,92;9442,59;;
05-05-2008;7233,93;9456,98;;
06-05-2008;7283,23;9521,44;;
07-05-2008;7134,4;9326,86;;
08-05-2008;7188,61;9401,46;;
09-05-2008;7138,91;9340,1;;
12-05-2008;7210,18;9433,35;;
13-05-2008;7183,6;9404,82;;
14-05-2008;7192,54;9424,3;;
15-05-2008;7324,77;9597,57;;
16-05-2008;7394,49;9693,99;;
19-05-2008;7372,33;9674,67;;
20-05-2008;7327,07;9621,05;;
21-05-2008;7227,36;9497,86;;
22-05-2008;7284,89;9573,47;;
23-05-2008;7204,77;9468,18;;
27-05-2008;7129,1;9368,73;;
28-05-2008;7157,42;9406,16;;
29-05-2008;7115,95;9356,48;;
30-05-2008;7143,38;9397,89;;
02-06-2008;7082,74;9319,24;;
03-06-2008;7028,72;9248,16;;
04-06-2008;6952,24;9158,25;;
05-06-2008;7113,58;9370,9;;
06-06-2008;6942,78;9145,91;;
09-06-2008;6927,42;9125,67;;
10-06-2008;6796,41;8953,09;;
11-06-2008;6717,67;8849,77;;
12-06-2008;6706,51;8835,08;;
13-06-2008;6782,59;8935,3;;
16-06-2008;6821,55;8986,64;;
17-06-2008;6855,5;9034,92;;
18-06-2008;6802,7;8965,33;;
19-06-2008;6758,95;8904,16;;
20-06-2008;6628,58;8732,42;;
23-06-2008;6647,46;8757,47;;
24-06-2008;6629,35;8733,62;;
25-06-2008;6705,87;8834,82;;
26-06-2008;6558,58;8640,78;;
27-06-2008;6559,06;8641,4;;
30-06-2008;6617,86;8719,45;;
01-07-2008;6549,36;8629,2;;
02-07-2008;6417,2;8455,07;;
03-07-2008;6481,08;8539,24;;
07-07-2008;6432,04;8477,18;;
08-07-2008;6488,47;8551,56;;
09-07-2008;6412,38;8451,6;;
10-07-2008;6479,39;8539,93;;
11-07-2008;6396,84;8431,56;;
14-07-2008;6353,23;8374,08;;
15-07-2008;6227,52;8208,39;;
16-07-2008;6336,04;8351,47;;
17-07-2008;6393,31;8426,94;;
18-07-2008;6437,4;8485,06;;
21-07-2008;6504,41;8573,38;;
22-07-2008;6493,3;8560,27;;
23-07-2008;6504,83;8576,68;;
24-07-2008;6355,04;8379,18;;
25-07-2008;6375,49;8406,15;;
28-07-2008;6283,04;8284,25;;
29-07-2008;6373,21;8404,9;;
30-07-2008;6477,11;8544,58;;
